{
  "best_hp": {
    "learning_rate": 0.1,
    "max_depth": 3,
    "n_estimators": 100
  },
  "best_val_mae": 0.00394329688679003,
  "early_stopping_rounds": 20,
  "feature_columns": [
    "cpu_lag1",
    "cpu_lag2",
    "cpu_lag3",
    "cpu_lag5",
    "cpu_lag10",
    "cpu_rmean30s",
    "cpu_rvar30s",
    "cpu_rmean60s",
    "cpu_rvar60s",
    "cpu_rmean120s",
    "cpu_rvar120s",
    "cpu_diff1",
    "cpu_logdiff1"
  ],
  "fit_seconds": 0.018831207999028265,
  "forecaster": "xgboost",
  "horizon_samples": 2,
  "horizon_seconds": 30,
  "lag_intervals": [
    1,
    2,
    3,
    5,
    10
  ],
  "random_state": 0,
  "rolling_windows_seconds": [
    30,
    60,
    120
  ],
  "sample_interval_seconds": 15,
  "val_residuals": [
    -0.007925051529398174,
    -0.0028503479001459886,
    -0.004443174362585504,
    -0.008137458108952889,
    -0.0019328871975056242,
    0.0019136929033559333,
    -0.004728116530292183,
    -0.0001687005145672646,
    0.0013351100708418467,
    0.0028845867192076532,
    -0.0048293020594659605,
    -0.007717461929420799,
    -0.0045955494865550575,
    -0.008247229173060672,
    -0.003787953368170373,
    -0.004773995203214761,
    -0.00432127644485638,
    0.0033057371331775345,
    -0.001071537346537775,
    -0.0005674309237127875,
    0.0004958841680341441,
    0.006720048436321374
  ]
}