{
  "best_hp": {
    "learning_rate": 0.1,
    "max_depth": 5,
    "n_estimators": 100
  },
  "best_val_mae": 0.006161212180506412,
  "early_stopping_rounds": 20,
  "feature_columns": [
    "cpu_lag1",
    "cpu_lag2",
    "cpu_lag3",
    "cpu_lag5",
    "cpu_lag10",
    "cpu_rmean30s",
    "cpu_rvar30s",
    "cpu_rmean60s",
    "cpu_rvar60s",
    "cpu_rmean120s",
    "cpu_rvar120s",
    "cpu_diff1",
    "cpu_logdiff1"
  ],
  "fit_seconds": 0.02078641600019182,
  "forecaster": "xgboost",
  "horizon_samples": 2,
  "horizon_seconds": 30,
  "lag_intervals": [
    1,
    2,
    3,
    5,
    10
  ],
  "random_state": 0,
  "rolling_windows_seconds": [
    30,
    60,
    120
  ],
  "sample_interval_seconds": 15,
  "val_residuals": [
    -0.0004941030004555064,
    -0.004037268434122845,
    -0.01831721999232109,
    0.0006003709222461434,
    0.005280762577438217,
    0.002945278853163008,
    -0.0066955398963488705,
    0.00847225223650798,
    -0.010260175969404733,
    -0.011898871238408201,
    -0.001226914180773822,
    -0.009136908622698725,
    -0.011939966503759974,
    0.0019092102280954676,
    -0.0011224747404680185,
    0.003114162479048499,
    -0.004593666316587988,
    -0.005654743770447668,
    -0.0023862000614481016,
    0.00918908298404024,
    0.006429444735837175,
    0.0098420502275188
  ]
}