{
  "best_hp": {
    "learning_rate": 0.1,
    "max_depth": 3,
    "n_estimators": 100
  },
  "best_val_mae": 0.004230810295623114,
  "early_stopping_rounds": 20,
  "feature_columns": [
    "cpu_lag1",
    "cpu_lag2",
    "cpu_lag3",
    "cpu_lag5",
    "cpu_lag10",
    "cpu_rmean30s",
    "cpu_rvar30s",
    "cpu_rmean60s",
    "cpu_rvar60s",
    "cpu_rmean120s",
    "cpu_rvar120s",
    "cpu_diff1",
    "cpu_logdiff1"
  ],
  "fit_seconds": 0.019812499998806743,
  "forecaster": "xgboost",
  "horizon_samples": 2,
  "horizon_seconds": 30,
  "lag_intervals": [
    1,
    2,
    3,
    5,
    10
  ],
  "random_state": 0,
  "rolling_windows_seconds": [
    30,
    60,
    120
  ],
  "sample_interval_seconds": 15,
  "val_residuals": [
    -0.0015143454691025487,
    -0.003637666103861431,
    -0.007671836789810725,
    -0.0038668153339583983,
    0.000334991417566044,
    0.006390179147360203,
    -0.015623497073629505,
    -0.0024601062917956884,
    0.002610717626481754,
    -0.0023564479566190316,
    -0.0053605704693755335,
    -0.0062037412691158395,
    -0.0019200455807184824,
    -0.0016462312486223013,
    -0.007115663351937765,
    -0.003079998714494353,
    -0.001419113937794328,
    -0.00249283526307309,
    0.005164056404549297,
    0.00044951114629962485,
    0.0073664060428773465,
    -0.0043930498646652105
  ]
}